,Frame 0,Frame 1,Frame 2,Frame 3,Frame 4,
Thread 0,Default (ID: 0),TestJob1 (ID: 1),TestJob1 (ID: 1),TestJob1 (ID: 1),TestJob1 (ID: 1),
Thread 1,Default (ID: 0),TestJob2 (ID: 2),TestJob2 (ID: 2),Default (ID: 0),Default (ID: 0),
Thread 2,Default (ID: 0),Default (ID: 0),Default (ID: 0),Default (ID: 0),Default (ID: 0),
Thread 3,Default (ID: 0),Default (ID: 0),Default (ID: 0),Default (ID: 0),Default (ID: 0),
Thread 4,Default (ID: 0),Default (ID: 0),Default (ID: 0),Default (ID: 0),Default (ID: 0),
Thread 5,Default (ID: 0),Default (ID: 0),Default (ID: 0),Default (ID: 0),Default (ID: 0),
Thread 6,Default (ID: 0),Default (ID: 0),Default (ID: 0),Default (ID: 0),Default (ID: 0),
Thread 7,Default (ID: 0),Default (ID: 0),Default (ID: 0),Default (ID: 0),Default (ID: 0),
Thread 8,Default (ID: 0),Default (ID: 0),Default (ID: 0),Default (ID: 0),Default (ID: 0),
Thread 9,Default (ID: 0),Default (ID: 0),Default (ID: 0),Default (ID: 0),Default (ID: 0),
Thread 10,Default (ID: 0),Default (ID: 0),Default (ID: 0),Default (ID: 0),Default (ID: 0),
Thread 11,Default (ID: 0),Default (ID: 0),Default (ID: 0),Default (ID: 0),Default (ID: 0),
Thread 12,Default (ID: 0),Default (ID: 0),Default (ID: 0),Default (ID: 0),Default (ID: 0),
Thread 13,Default (ID: 0),Default (ID: 0),Default (ID: 0),Default (ID: 0),Default (ID: 0),
Thread 14,Default (ID: 0),Default (ID: 0),Default (ID: 0),Default (ID: 0),Default (ID: 0),
Thread 15,Default (ID: 0),Default (ID: 0),Default (ID: 0),Default (ID: 0),Default (ID: 0),
